id,crita_time_1,manual
1,2 years ago.,24
3,2 years ago,24
7,7 years (end of 2013),84
8,3 months ago.,3
9,2 years,24
10,About 2 and a half years ago,30
12,3 months ago,3
15,"I am 27, from birth to 19 years of age. (8 years ago)",96
16,First one was a few years ago and the other two was somewhat recent,
18,4 months ago,4
19,6 years,72
20,32 years,384
22,About 2 years ago,24
27,4 years ago,48
30,16 years ago,192
31,It happened 6 years ago I was 13,72
32,2 years ago,24
33,since grade 4 to present,
34,13 years ago,156
36,11 years ago,132
39,Started 2009 and stopped around 2013/2014,84
40,2 hours,0.002739726027
44,Six months ago.,6
45,November 2017,42
48,6 years ago,72
49,1.5 years ago,18
50,2019,24
52,one and a half years ago,18
53,4 years,48
54,2 years ago,24
57,5 years ago,60
59,1 year and 10 months,22
60,2019,24
61,8 years ago,96
62,8 years ago,96
63,5 years ago (2016),60
67,A few months ago,3
68,Oct 2020 - present,
69,She got diagnosed in September 2020 and had her operation in November 2020,6
70,3 years ago,36
71,About a year ago,12
72,2yeara,24
76,different occurances,
77,4 years ago,48
78,5 months ago,5
79,4 years ago,48
80,last month,1
81,11 months ago,11
82,A month,1
83,Over a month ago,1.052054795
85,2010,132
86,12 years ago and 6 years ago,72
87,3 years ago,36
89,"in 2019, the night of my matric ball",18
91,3 years,36
92,2 years ago,24
94,"Since 1994, peaking in 2015",72
95,11 years ago.,132
96,2 years ago,24
98,1 year ago,12
100,2 years ago,24
101,About 6 years ago but only found out this year.,
102,1 year and a half,18
103,5 years ago,60
105,i am not sure.,
107,About 16 years ago,192
109,12 years ago,144
110,In one month,
111,4 years ago.,48
113,2008,156
115,i was about 6 or 7,144
116,9 years ago,108
120,in 2016,60
121,3-4years,48
122,I officially ended our friendship towards the end of my matric year in 2017.,42
123,2 years,24
125,November 2017,42
126,2018,36
127,3 years ago,36
128,2018,36
131,About 9 months ago,9
132,2 years,24
134,4 years ago,48
135,less than a week ago,0.197260274
136,2 years,24
137,A year and a couple of months,14
138,"it happened in the end of 2019, so 1.5 years ago",18
139,6 months ago,6
143,Two weeks ago,0.4602739726
145,2016,60
146,11 years,132
147,7 years,84
148,Before i came to Cape Town,
151,2017,48
152,3,
154,August 2020,9
156,6 years ago,72
157,I'm not sure,
160,2 years,24
161,7 years,84
165,About 10 or 9 years.,108
167,3 or 4 years,36
168,It started on the 16th of January 2017 (just over 4 years ago),52
169,2019,24
170,10 years ago,120
171,about 10 years ago,120
173,Three years,36
175,2014,84
176,last year,12
178,six years ago,72
179,3 weeks ago,0.6904109589
180,6,
181,It happened in 2008,156
182,around the age of 7 for the former and 6 years ago for the latter,72
183,a year ago,12
185,7/8 years,84
186,about 13 years ago,156
188,14 March 2019,26.36712329
189,7,
190,12 years,144
191,5 years ago,60
192,3 years ago,36
193,1-2 months,1
194,Over a decade ago,120.0328767
195,2 years ago,24
197,7 years ago,84
198,10 years,120
199,about 5 years ago,60
200,8 years ago,96
201,He was in the hospital for about 2 weeks recovering,
202,5 years ago,60
203,6 years ago,72
204,2 years ago,24
206,4 years,48
207,3 years ago,36
209,just over a month ago,1.052054795
210,1.5 years ago,18
212,8 years,96
213,2 years back,24
214,2017,48
216,3 years ago,36
220,3 years,36
222,A few weeks ago,0.6904109589
224,2020 at the end of the year,5.161643836
225,3 years ago,36
226,N/A,
227,2017 or 2018,48
228,roughly a month ago,1
431,It happened this year,
432,About 3 years ago.,36
433,"2018, 3 years ago",36
434,10 years ago,120
436,Not sure.,12
437,2010-2012,108
438,2 years,24
439,10- 15 years ago,120
440,13 years ago.,156
441,6 years ago,72
444,A couple of times,
445,5 years ago,60
446,10 years ago,120
447,2013,96
453,A number of times over approximately 6 months,
457,10 years ago,120
460,2017,48
462,~14 years ago,168
467,I have been depresive since age 12.,
469,10 years ago,120
470,16 February 2018,45.6
473,34 years ago,408
476,5 years,60
481,1 month ago,1
483,"In 2013, so 8 years ago.",96
487,10 years ago,120
488,5 years ago,60
489,well the accident was instant but the recovery was a few weeks.but the long term effect is me genuinely being scared to be in a car and travel and have anxiety attacks when a car stops abruptly or its travelling too fast,
490,I was 13 so 17 years ago,204
492,about 3 months ago,3
493,Two months ago,2
498,My mother passed away 9 years ago but my grandfather passed away a month ago.,1
499,6 years ago,72
502,"Approximately, 13 years ago. I was 8 years old at the time.",156
509,About 4 months ago - mid July.,4
510,2 years ago,24
512,"it happened in 2015, October",72
516,It's been 3 years and continuing,36
517,Last month,1
518,3 months ago,3
519,2 years ago (2019),24
520,2015,72
522,2 months ago,2
523,2013,96
524,12,
526,6,
528,7 years ago,84
532,One month ago,1
535,Last year,11
536,2015,72
537,When my mom fell ill(12+ years ago) Losing a friend it was 1year ago.,12
538,Ten years ago.,120
542,1 year,12
544,4 months ago,4
547,11 years ago,132
550,Early 2019.,36
552,12 years,144
553,12 September 2021,2
557,11 years ago,132
559,2018,36
563,3 months ago,3
564,2016,60
565,Jan of 2018. So 3 years ago.,36
567,As long as can remember,12
568,about 11 years ago,132
569,3months ago,3
572,2019,24
573,January 2021,10
664,NA,
665,NA,
666,NA,
668,NA,
669,NA,
672,NA,
673,NA,
677,NA,
678,NA,
681,NA,
685,NA,
686,NA,
687,NA,
690,NA,
692,NA,
693,NA,
694,NA,
695,NA,
696,NA,
697,NA,
698,NA,
700,NA,
702,NA,
705,NA,
706,NA,
707,NA,
708,NA,
709,NA,
711,NA,
712,NA,
714,NA,
715,NA,
716,NA,
717,NA,
718,NA,
720,NA,
721,NA,
723,NA,
725,NA,
726,NA,
727,NA,
732,NA,
735,NA,
736,NA,
737,NA,
739,NA,
740,NA,
741,NA,
742,NA,
743,NA,
745,NA,
747,NA,
749,NA,
752,NA,
753,NA,
755,NA,
757,NA,
759,NA,
760,NA,
762,NA,
764,NA,
765,NA,
767,NA,
768,NA,
769,NA,
770,NA,
773,NA,
774,NA,
775,NA,
776,NA,
777,NA,
778,NA,
779,NA,
780,NA,
781,NA,
782,NA,
783,NA,
784,NA,
785,NA,
787,NA,
788,NA,
790,NA,
792,NA,
794,NA,
795,NA,
796,NA,
798,NA,
799,NA,
801,NA,
802,NA,
803,NA,
804,NA,
805,NA,
806,NA,
807,NA,
808,NA,
809,NA,
811,NA,
813,NA,
815,NA,
817,NA,
818,NA,
821,NA,
824,NA,
825,NA,
827,NA,
829,NA,
830,NA,
832,NA,
833,NA,
838,NA,
839,NA,
840,NA,
845,NA,
846,NA,
848,NA,
849,NA,
851,NA,
852,NA,
853,NA,
854,NA,
855,NA,
856,NA,
857,NA,
858,NA,
859,NA,
861,NA,
862,NA,
863,NA,
864,NA,
866,NA,
867,NA,
871,NA,
872,NA,
873,NA,
874,NA,
875,NA,
877,NA,
880,NA,
883,NA,
884,NA,
886,NA,
888,NA,
892,NA,
893,NA,
894,NA,
897,NA,
899,NA,
900,NA,
903,NA,
914,NA,
915,NA,
919,NA,
921,NA,
922,NA,
923,NA,
924,NA,
925,NA,
926,NA,
927,NA,
928,NA,
930,NA,
932,NA,
933,NA,
937,NA,
939,NA,
942,NA,
943,NA,
944,NA,
945,NA,
946,NA,
947,NA,
951,NA,
952,NA,
953,NA,
957,NA,
958,NA,
959,NA,
960,NA,
963,NA,
965,NA,
966,NA,
967,NA,
968,NA,
969,NA,
974,NA,
976,NA,
977,NA,
978,NA,
1104,NA,
1105,NA,
1106,NA,
1110,NA,
1113,NA,
1114,NA,
1115,NA,
1116,NA,
1121,NA,
1125,NA,
1139,NA,
1141,NA,
1143,NA,
1161,NA,
1165,NA,
1167,NA,
1173,NA,
1176,NA,
1190,NA,
1191,NA,
1195,NA,
1197,NA,
1204,NA,
1206,NA,
1208,NA,
1211,NA,
1214,NA,
1217,NA,
1218,NA,
1220,NA,
1222,NA,
1232,NA,
1233,NA,
1234,NA,
1239,NA,
1242,NA,
1245,NA,
1246,NA,
1252,NA,
1255,NA,
1259,NA,
1260,NA,
1262,NA,
1265,NA,
1271,NA,
1278,NA,
1279,NA,
1280,NA,
1282,NA,
1291,NA,
1292,NA,
1294,NA,
1295,NA,
1298,NA,
1299,NA,
1301,NA,
1302,NA,
1304,NA,
1306,NA,
1307,NA,
1308,NA,
1311,NA,
1312,NA,
1316,NA,
1317,NA,
1320,NA,
1325,NA,
1327,NA,
1331,NA,
1332,NA,
1335,NA,
1339,NA,
1346,NA,
1349,NA,
1358,NA,
1359,NA,
1366,NA,
1370,NA,
1371,NA,
1372,NA,
1373,NA,
1376,NA,
1377,NA,
1381,NA,
1388,NA,
1389,NA,
1400,NA,
1415,NA,
1420,NA,
1424,NA,
1429,NA,
1433,NA,
1439,NA,
1440,NA,
1442,NA,
1447,NA,
1448,NA,
1449,NA,
1452,NA,
1456,NA,
1459,NA,
1463,NA,
1468,NA,
1469,NA,
1470,NA,
1476,NA,
1477,NA,
1482,NA,
1485,NA,
1489,NA,
1490,NA,
1491,NA,
1495,NA,
1498,NA,
1501,NA,
1502,NA,
1505,NA,
1506,NA,
1508,NA,
1512,NA,
1513,NA,
1518,NA,
1520,NA,
1521,NA,
1522,NA,
1532,NA,
1536,NA,
1541,NA,
1544,NA,
1549,NA,
1550,NA,
1551,NA,
1562,NA,
1567,NA,
1569,NA,
1570,NA,
1575,NA,
1576,NA,
1579,NA,
1582,NA,
1583,NA,
1589,NA,
1592,NA,
1593,NA,
1594,NA,
1598,NA,
1599,NA,
1608,NA,
1611,NA,
1612,NA,
1614,NA,
1629,NA,
1633,NA,
1635,NA,
1636,NA,
1639,NA,
1643,NA,
1644,NA,
1645,NA,
1646,NA,
1647,NA,
1658,NA,
1783,NA,
1890,NA,
2093,NA,
2094,NA,
2097,NA,
2098,NA,
2102,NA,
2103,NA,
2110,NA,
2111,NA,
2119,NA,
2123,NA,
2129,NA,
2131,NA,
2132,NA,
2137,NA,
2139,NA,
2142,NA,
2153,NA,
2158,NA,
2159,NA,
2161,NA,
2163,NA,
2169,NA,
2170,NA,
2171,NA,
2173,NA,
2177,NA,
2179,NA,
2180,NA,
2181,NA,
2182,NA,
2185,NA,
2186,NA,
2187,NA,
2188,NA,
2191,NA,
2201,NA,
2202,NA,
2206,NA,
2212,NA,
2218,NA,
2222,NA,
2223,NA,
2224,NA,
2226,NA,
2235,NA,
2239,NA,
2240,NA,
2241,NA,
2244,NA,
2246,NA,
2248,NA,
2252,NA,
2256,NA,
2257,NA,
2258,NA,
2260,NA,
2261,NA,
2264,NA,
2265,NA,
2267,NA,
2268,NA,
2269,NA,
2272,NA,
2274,NA,
2276,NA,
2281,NA,
2285,NA,
2287,NA,
2289,NA,
2298,NA,
2301,NA,
2303,NA,
2305,NA,
2307,NA,
2316,NA,
2317,NA,
2319,NA,
2321,NA,
2323,NA,
2324,NA,
2329,NA,
2342,NA,