id,crita_exposure,crita_exposure_more
1,1,NA
3,1,NA
7,1,NA
8,2,>3
9,2,1
10,1,NA
12,2,4-5timea
15,2,"Countless times. I've been dealing with the after effects of this - which was more traumatic than the actual ""event""."
16,2,3
18,2,3
19,1,NA
20,2,3
22,1,NA
27,2,2
30,1,NA
31,1,NA
32,1,NA
33,2,"on and off since I was in grade 4, after a couple of months at a time"
34,2,3 days
36,2,4 times
39,2,Multiple times
40,2,3
44,2,Three times
45,2,"2, this one and the time my friend tried killing herself"
48,2,3
49,2,3
50,2,twice
52,1,NA
53,2,3
54,1,NA
57,2,2
59,1,NA
60,2,twice
61,2,Twice
62,2,twice
63,2,twice
67,2,Can't estimate
68,2,Twice
69,2,4 times
70,2,"Probably around 8 to 10 times, but I can't be sure because I supress memories due to trauma."
71,2,4 times
72,1,NA
76,2,"Since I was young, it has been long"
77,1,NA
78,2,too many times
79,2,2
80,2,Not sure but more than once.
81,1,NA
82,1,NA
83,2,She had had several heart attacks prior to this.
85,1,NA
86,2,atleast 5 times
87,1,NA
89,2,thrice
91,2,2
92,1,NA
94,2,Approx. 5 times
95,1,NA
96,1,NA
98,2,2-3 times
100,1,NA
101,1,NA
102,1,NA
103,1,NA
105,2,twice
107,1,NA
109,1,NA
110,1,NA
111,2,5 times.
113,2,5
115,2,a few times a year
116,1,NA
120,1,NA
121,2,10+
122,1,NA
123,1,NA
125,1,NA
126,1,NA
127,1,NA
128,2,more than 10
131,1,NA
132,2,3
134,1,NA
135,2,4
136,2,many times
137,2,Round about 5 or 5 attempts or.
138,2,3
139,1,NA
143,1,NA
145,1,NA
146,2,over a period of 4 years
147,2,2
148,2,I lost count since it happened almost daily
151,1,NA
152,1,NA
154,2,2
156,2,+- 5 times
157,2,three times
160,2,about 3 different times
161,2,3
165,2,3
167,2,I can't even answer this
168,2,2 other times.
169,2,Not sure
170,2,3 times
171,1,NA
173,2,3
175,2,About three times
176,2,i expirienced robbery at a gun point twice
178,2,3
179,1,NA
180,1,NA
181,1,NA
182,2,five times
183,1,NA
185,2,6
186,2,my family and i took an uber type service to another city and we were in an accident that took us to the oppiste side of the road (the other lane/on coming traffic) it was dark and thankfully there were no cars on the on coming traffic side. my little brother was on the floor of the car and my new born baby brother was ended in the front seat by my dad.
188,1,NA
189,2,12 or more
190,2,3
191,2,3
192,1,NA
193,2,twice
194,1,NA
195,2,3
197,1,NA
198,1,NA
199,1,NA
200,2,3
201,2,"A close family member had touched me inappropriately and when I tried to tell someone, no one would believe me"
202,2,Multiple times
203,2,2
204,1,NA
206,1,NA
207,2,3
209,2,5
210,1,NA
212,1,NA
213,1,NA
214,1,NA
216,1,NA
220,2,2
222,2,Three times
224,1,NA
225,1,NA
226,1,NA
227,2,Too many to count.
228,1,NA
431,2,3
432,2,4 times
433,2,Death I have experience 5 times in my family. The rape was a once off event
434,2,3
436,1,NA
437,2,4
438,2,3
439,2,More than 30 days  ( sexual abuse)
440,1,NA
441,2,Divorce of parents as well as divorce of grandparents
444,2,More than 10 times
445,2,My cousin also got shot a couple years later - last year in October.
446,2,7
447,1,NA
453,2,A number of times over approximately 6 months
457,1,NA
460,1,NA
462,2,~6
467,2,I self harmed about 5 times in my life.
469,2,Repeatedly from birth until I turned 12
470,1,NA
473,2,5
476,2,3
481,2,2
483,2,"Similar things happened since I was little, so I can't find an exact number. About 50 times? (spanned over a number of years)"
487,1,NA
488,2,2
489,2,actually accidents happened twice but near accidents i feel happen all the time since i travel alot
490,2,"The second near death experience was when I almost passed on from an asthma attack, as a result of an alergic reaction of a new asthma pump I had been prescribed. I was 14 then"
492,2,about 3 times
493,2,Twice
498,2,3
499,2,(a number of months)
502,2,2
509,2,"When I was 10, my father was shot in a robbery. I was sexually assaulted when I was 6. A family member was kidnapped earlier this year and still hasn't been returned. A friend ran away from home last year."
510,2,3
512,1,NA
516,2,Depression and academic struggles
517,2,Three times.
518,1,NA
519,1,NA
520,1,NA
522,2,3
523,2,3
524,2,Too many to count. I don't know.
526,2,Twice
528,1,NA
532,1,NA
535,2,"I have experienced sexual assault countless times since a teenager. Probably at least once a year since the age of 15, I am now 21."
536,1,NA
537,1,NA
538,2,5 Times
542,1,NA
544,2,"When I fell pregnant the second time, a similar situation happened where I was having intercourse with some guy intoxicated, and we were using protection. Mid sex, he removed the condom. I thought about going to get the pill, but downplayed the situation and a month later found out that I was pregnant"
547,2,3
550,2,At least twice.
552,2,twice
553,1,NA
557,1,NA
559,1,NA
563,2,From childhood
564,2,"about 3 times, but they were not the same. they were mugging with a knife and armed robbery."
565,2,Twice.
567,2,Often
568,2,repeatedly until the year I turned 12
569,2,2
572,2,4
573,2,4 times
664,1,NA
665,2,4
666,1,NA
668,1,NA
669,2,3
672,2,3
673,2,10
677,1,NA
678,1,NA
681,1,NA
685,2,50
686,1,NA
687,1,NA
690,2,15
692,1,NA
693,1,NA
694,1,NA
695,1,NA
696,1,NA
697,1,NA
698,1,NA
700,1,NA
702,2,2
705,1,NA
706,2,3
707,1,NA
708,1,NA
709,2,6
711,2,2
712,1,NA
714,1,NA
715,1,NA
716,1,NA
717,2,4
718,1,NA
720,2,2
721,2,4
723,2,100
725,2,5
726,2,2
727,2,3
732,2,3
735,2,2
736,1,NA
737,1,NA
739,1,NA
740,1,NA
741,2,3
742,2,7
743,1,NA
745,1,NA
747,1,NA
749,1,NA
752,1,NA
753,1,NA
755,2,2
757,2,4
759,1,NA
760,2,2
762,1,NA
764,1,NA
765,2,50
767,2,10
768,1,NA
769,1,NA
770,2,3
773,1,NA
774,2,4
775,1,NA
776,2,2
777,1,NA
778,2,3
779,1,NA
780,2,4
781,2,4
782,1,NA
783,1,NA
784,2,4
785,2,2
787,1,NA
788,2,4
790,1,NA
792,1,NA
794,2,20
795,2,2
796,2,3
798,1,NA
799,1,NA
801,1,NA
802,2,2
803,2,2
804,2,2
805,2,50
806,2,3
807,2,5
808,1,NA
809,1,NA
811,1,NA
813,1,NA
815,2,20
817,1,NA
818,1,NA
821,1,NA
824,1,NA
825,2,3
827,1,NA
829,1,NA
830,2,2
832,2,2
833,1,NA
838,1,NA
839,1,NA
840,1,NA
845,1,NA
846,1,NA
848,2,3
849,1,NA
851,1,NA
852,1,NA
853,2,10
854,1,NA
855,2,2
856,1,NA
857,1,NA
858,1,NA
859,1,NA
861,2,2
862,1,NA
863,1,NA
864,1,NA
866,2,2
867,1,NA
871,1,NA
872,2,2
873,2,3
874,1,NA
875,1,NA
877,1,NA
880,1,NA
883,1,NA
884,1,NA
886,2,2
888,2,5
892,2,6
893,1,NA
894,2,4
897,2,4
899,2,3
900,2,3
903,2,3
914,1,NA
915,2,5
919,1,NA
921,1,NA
922,1,NA
923,1,NA
924,2,2
925,1,NA
926,2,3
927,1,NA
928,2,20
930,2,20
932,1,NA
933,2,4
937,1,NA
939,2,3
942,1,NA
943,1,NA
944,1,NA
945,2,2
946,2,4
947,1,NA
951,1,NA
952,2,3
953,1,NA
957,2,7
958,1,NA
959,1,NA
960,2,4
963,1,NA
965,1,NA
966,1,NA
967,1,NA
968,1,NA
969,1,NA
974,1,NA
976,2,4
977,1,NA
978,2,3
1104,1,NA
1105,1,NA
1106,1,NA
1110,2,3
1113,2,5
1114,1,NA
1115,2,2
1116,2,5
1121,1,NA
1125,2,6
1139,1,NA
1141,2,10
1143,1,NA
1161,1,NA
1165,2,6
1167,1,NA
1173,2,48
1176,2,3
1190,2,3
1191,2,4
1195,1,NA
1197,1,NA
1204,2,3
1206,1,NA
1208,1,NA
1211,1,NA
1214,1,NA
1217,1,NA
1218,2,2
1220,1,NA
1222,1,NA
1232,2,3
1233,2,2
1234,2,2
1239,2,3
1242,2,3
1245,1,NA
1246,1,NA
1252,2,4
1255,2,4
1259,2,8
1260,1,NA
1262,1,NA
1265,2,3
1271,2,6
1278,1,NA
1279,2,3
1280,2,4
1282,2,3
1291,2,5
1292,2,5
1294,2,2
1295,2,4
1298,1,NA
1299,2,2
1301,1,NA
1302,1,NA
1304,1,NA
1306,1,NA
1307,1,NA
1308,2,3
1311,1,NA
1312,2,4
1316,1,NA
1317,2,6
1320,2,3
1325,2,2
1327,1,NA
1331,2,6
1332,1,NA
1335,2,3
1339,1,NA
1346,1,NA
1349,1,NA
1358,2,2
1359,2,3
1366,2,3
1370,1,NA
1371,1,NA
1372,1,NA
1373,1,NA
1376,1,NA
1377,2,3
1381,1,NA
1388,2,3
1389,2,2
1400,2,3
1415,2,20
1420,2,2
1424,1,NA
1429,1,NA
1433,2,3
1439,2,4
1440,2,3
1442,2,3
1447,1,NA
1448,1,NA
1449,2,5
1452,2,2
1456,2,7
1459,2,5
1463,2,4
1468,2,2
1469,2,3
1470,1,NA
1476,2,6
1477,2,3
1482,1,NA
1485,1,NA
1489,2,2
1490,2,4
1491,1,NA
1495,1,NA
1498,1,NA
1501,1,NA
1502,1,NA
1505,1,NA
1506,1,NA
1508,2,3
1512,2,3
1513,1,NA
1518,1,NA
1520,1,NA
1521,1,NA
1522,2,20
1532,2,4
1536,2,3
1541,2,3
1544,2,3
1549,2,2
1550,2,10
1551,2,4
1562,2,11
1567,2,3
1569,2,2
1570,2,10
1575,2,3
1576,1,NA
1579,1,NA
1582,2,3
1583,1,NA
1589,2,3
1592,2,2
1593,2,4
1594,2,2
1598,2,10
1599,2,3
1608,1,NA
1611,2,3
1612,1,NA
1614,2,3
1629,2,1
1633,2,3
1635,1,NA
1636,2,2
1639,2,3
1643,2,2
1644,2,7
1645,1,NA
1646,1,NA
1647,2,16
1658,1,NA
1783,2,2
1890,2,3
2093,2,2
2094,2,3
2097,2,4
2098,1,NA
2102,1,NA
2103,2,3
2110,2,3
2111,2,3
2119,1,NA
2123,1,NA
2129,2,20
2131,2,3
2132,1,NA
2137,2,3
2139,2,3
2142,2,2
2153,2,5
2158,1,NA
2159,2,2
2161,1,NA
2163,1,NA
2169,1,NA
2170,1,NA
2171,1,NA
2173,1,NA
2177,1,NA
2179,1,NA
2180,2,3
2181,2,2
2182,2,4
2185,2,3
2186,1,NA
2187,2,3
2188,1,NA
2191,2,2
2201,2,2
2202,1,NA
2206,1,NA
2212,1,NA
2218,2,10
2222,1,NA
2223,2,2
2224,2,2
2226,1,NA
2235,2,2
2239,2,4
2240,2,3
2241,2,5
2244,1,NA
2246,2,6
2248,1,NA
2252,1,NA
2256,2,3
2257,2,2
2258,2,2
2260,2,2
2261,1,NA
2264,1,NA
2265,2,5
2267,1,NA
2268,2,2
2269,2,6
2272,2,2
2274,2,2
2276,2,3
2281,2,21
2285,1,NA
2287,1,NA
2289,2,3
2298,2,3
2301,2,5
2303,2,2
2305,2,3
2307,1,NA
2316,1,NA
2317,1,NA
2319,2,8
2321,2,3
2323,2,20
2324,1,NA
2329,1,NA
2342,1,NA
